Workbook

Sheet Personas
A1: Sunhaven Care Workforce Personas | B1: Sunhaven Care Workforce Personas | C1: Sunhaven Care Workforce Personas | D1: Sunhaven Care Workforce Personas | E1: Sunhaven Care Workforce Personas | F1: Sunhaven Care Workforce Personas | G1: Sunhaven Care Workforce Personas | H1: Sunhaven Care Workforce Personas | I1: Sunhaven Care Workforce Personas | J1: Sunhaven Care Workforce Personas
A2: All identities and records in this workbook are synthetic test data created solely for academic demonstration. No real employee, resident, medical, university, password, token, or MFA-secret data is used. | B2: All identities and records in this workbook are synthetic test data created solely for academic demonstration. No real employee, resident, medical, university, password, token, or MFA-secret data is used. | C2: All identities and records in this workbook are synthetic test data created solely for academic demonstration. No real employee, resident, medical, university, password, token, or MFA-secret data is used. | D2: All identities and records in this workbook are synthetic test data created solely for academic demonstration. No real employee, resident, medical, university, password, token, or MFA-secret data is used. | E2: All identities and records in this workbook are synthetic test data created solely for academic demonstration. No real employee, resident, medical, university, password, token, or MFA-secret data is used. | F2: All identities and records in this workbook are synthetic test data created solely for academic demonstration. No real employee, resident, medical, university, password, token, or MFA-secret data is used. | G2: All identities and records in this workbook are synthetic test data created solely for academic demonstration. No real employee, resident, medical, university, password, token, or MFA-secret data is used. | H2: All identities and records in this workbook are synthetic test data created solely for academic demonstration. No real employee, resident, medical, university, password, token, or MFA-secret data is used. | I2: All identities and records in this workbook are synthetic test data created solely for academic demonstration. No real employee, resident, medical, university, password, token, or MFA-secret data is used. | J2: All identities and records in this workbook are synthetic test data created solely for academic demonstration. No real employee, resident, medical, university, password, token, or MFA-secret data is used.
A4: employeeId | B4: displayName | C4: userPrincipalName | D4: employmentType | E4: jobRole | F4: facility | G4: managerEmployeeId | H4: startDate | I4: endDate | J4: status
A5: SC1001 | B5: Mia Carter (TEST) | C5: mia.carter@rifat011002gmail.onmicrosoft.com | D5: Permanent | E5: CareWorker | F5: Sydney | G5: SC1003 | H5: 46204 | J5: Active
A6: SC1002 | B6: Noah Singh (TEST) | C6: noah.singh@rifat011002gmail.onmicrosoft.com | D6: Permanent | E6: Nurse | F6: Sydney | G6: SC1003 | H6: 46205 | J6: Active
A7: SC1003 | B7: Ava Chen (TEST) | C7: ava.chen@rifat011002gmail.onmicrosoft.com | D7: Permanent | E7: Manager | F7: Sydney | H7: 46206 | J7: Active
A8: SC1004 | B8: Liam Brooks (TEST) | C8: liam.brooks@rifat011002gmail.onmicrosoft.com | D8: Agency | E8: AgencyWorker | F8: Sydney | G8: SC1003 | H8: 46235 | I8: 46254 | J8: Active
A9: SC1005 | B9: Zoe Martin (TEST) | C9: zoe.martin@rifat011002gmail.onmicrosoft.com | D9: Contractor | E9: Auditor | F9: HeadOffice | H9: 46208 | I9: 46265 | J9: Active
A10: SC1006 | B10: Ethan Khan (TEST) | C10: ethan.khan@rifat011002gmail.onmicrosoft.com | D10: Permanent | E10: CareWorker | F10: Sydney | G10: SC1003 | H10: 46209 | I10: 46239 | J10: Leaving
A11: SC1007 | B11: Olivia Reed (TEST) | C11: olivia.reed@rifat011002gmail.onmicrosoft.com | D11: Permanent | E11: IAMOperator | F11: HeadOffice | H11: 46210 | J11: Active
A12: SC1008 | B12: Isabella Green (TEST) | C12: isabella.green@rifat011002gmail.onmicrosoft.com | D12: Permanent | E12: CareWorker | F12: Sydney | G12: SC1003 | H12: 46241 | J12: Active
A13: SC1009 | B13: Daniel Ortiz (TEST) | C13: daniel.ortiz@rifat011002gmail.onmicrosoft.com | D13: Permanent | E13: CareWorker | F13: Sydney | G13: SC1003 | H13: 46211 | I13: 46235 | J13: Inactive
A14: SC1010 | B14: Ruby Evans (TEST) | C14: ruby.evans@rifat011002gmail.onmicrosoft.com | D14: Agency | E14: AgencyWorker | F14: Sydney | G14: SC1003 | H14: 46204 | I14: 46234 | J14: Inactive

Sheet Test Residents
A1: Sunhaven Care Test Residents | B1: Sunhaven Care Test Residents | C1: Sunhaven Care Test Residents | D1: Sunhaven Care Test Residents | E1: Sunhaven Care Test Residents | F1: Sunhaven Care Test Residents
A2: All resident records are fictional and labelled as synthetic test data. AssignedEmployeeIds defines the worker-to-resident relationship used by RBAC tests. | B2: All resident records are fictional and labelled as synthetic test data. AssignedEmployeeIds defines the worker-to-resident relationship used by RBAC tests. | C2: All resident records are fictional and labelled as synthetic test data. AssignedEmployeeIds defines the worker-to-resident relationship used by RBAC tests. | D2: All resident records are fictional and labelled as synthetic test data. AssignedEmployeeIds defines the worker-to-resident relationship used by RBAC tests. | E2: All resident records are fictional and labelled as synthetic test data. AssignedEmployeeIds defines the worker-to-resident relationship used by RBAC tests. | F2: All resident records are fictional and labelled as synthetic test data. AssignedEmployeeIds defines the worker-to-resident relationship used by RBAC tests.
A4: residentId | B4: displayName | C4: facility | D4: classification | E4: dataLabel | F4: assignedEmployeeIds
A5: RTEST001 | B5: Test Resident Alpha | C5: Sydney | D5: Standard | E5: SYNTHETIC TEST DATA | F5: SC1001, SC1004
A6: RTEST002 | B6: Test Resident Beta | C6: Sydney | D6: Restricted | E6: SYNTHETIC TEST DATA | F6: SC1002
A7: RTEST003 | B7: Test Resident Gamma | C7: Brisbane | D7: Standard | E7: SYNTHETIC TEST DATA

Sheet RBAC_Matrix_v1.0
A1: Sunhaven Care RBAC Matrix v1.0 | B1: Sunhaven Care RBAC Matrix v1.0 | C1: Sunhaven Care RBAC Matrix v1.0 | D1: Sunhaven Care RBAC Matrix v1.0 | E1: Sunhaven Care RBAC Matrix v1.0 | F1: Sunhaven Care RBAC Matrix v1.0 | G1: Sunhaven Care RBAC Matrix v1.0 | H1: Sunhaven Care RBAC Matrix v1.0 | I1: Sunhaven Care RBAC Matrix v1.0
A2: Owner: IAM Project Owner | Status: Approved for MVP implementation | Green = ALLOW | Red = DENY | Amber = CONDITIONAL | B2: Owner: IAM Project Owner | Status: Approved for MVP implementation | Green = ALLOW | Red = DENY | Amber = CONDITIONAL | C2: Owner: IAM Project Owner | Status: Approved for MVP implementation | Green = ALLOW | Red = DENY | Amber = CONDITIONAL | D2: Owner: IAM Project Owner | Status: Approved for MVP implementation | Green = ALLOW | Red = DENY | Amber = CONDITIONAL | E2: Owner: IAM Project Owner | Status: Approved for MVP implementation | Green = ALLOW | Red = DENY | Amber = CONDITIONAL | F2: Owner: IAM Project Owner | Status: Approved for MVP implementation | Green = ALLOW | Red = DENY | Amber = CONDITIONAL | G2: Owner: IAM Project Owner | Status: Approved for MVP implementation | Green = ALLOW | Red = DENY | Amber = CONDITIONAL | H2: Owner: IAM Project Owner | Status: Approved for MVP implementation | Green = ALLOW | Red = DENY | Amber = CONDITIONAL | I2: Owner: IAM Project Owner | Status: Approved for MVP implementation | Green = ALLOW | Red = DENY | Amber = CONDITIONAL
A4: Role | B4: ViewAssignedResident | C4: ViewFacilityResidents | D4: AddCareNote | E4: EditClinicalNote | F4: ExportFacilityData | G4: ApproveAccessReview | H4: RunJMLWorkflow | I4: ViewAuditEvidence
A5: CareWorker | B5: ALLOW | C5: DENY | D5: ALLOW | E5: DENY | F5: DENY | G5: DENY | H5: DENY | I5: DENY
A6: Nurse | B6: ALLOW | C6: DENY | D6: ALLOW | E6: ALLOW | F6: DENY | G6: DENY | H6: DENY | I6: DENY
A7: Manager | B7: ALLOW | C7: ALLOW | D7: DENY | E7: DENY | F7: ALLOW | G7: ALLOW | H7: DENY | I7: ALLOW
A8: AgencyWorker | B8: CONDITIONAL | C8: DENY | D8: CONDITIONAL | E8: DENY | F8: DENY | G8: DENY | H8: DENY | I8: DENY
A9: Auditor | B9: DENY | C9: DENY | D9: DENY | E9: DENY | F9: DENY | G9: DENY | H9: DENY | I9: ALLOW
A10: IAMOperator | B10: DENY | C10: DENY | D10: DENY | E10: DENY | F10: DENY | G10: DENY | H10: ALLOW | I10: ALLOW
A12: AgencyWorker access is allowed only when status is Active, the test date is between startDate and endDate, the worker facility matches the resident facility, and the resident is assigned to the worker. | B12: AgencyWorker access is allowed only when status is Active, the test date is between startDate and endDate, the worker facility matches the resident facility, and the resident is assigned to the worker. | C12: AgencyWorker access is allowed only when status is Active, the test date is between startDate and endDate, the worker facility matches the resident facility, and the resident is assigned to the worker. | D12: AgencyWorker access is allowed only when status is Active, the test date is between startDate and endDate, the worker facility matches the resident facility, and the resident is assigned to the worker. | E12: AgencyWorker access is allowed only when status is Active, the test date is between startDate and endDate, the worker facility matches the resident facility, and the resident is assigned to the worker. | F12: AgencyWorker access is allowed only when status is Active, the test date is between startDate and endDate, the worker facility matches the resident facility, and the resident is assigned to the worker. | G12: AgencyWorker access is allowed only when status is Active, the test date is between startDate and endDate, the worker facility matches the resident facility, and the resident is assigned to the worker. | H12: AgencyWorker access is allowed only when status is Active, the test date is between startDate and endDate, the worker facility matches the resident facility, and the resident is assigned to the worker. | I12: AgencyWorker access is allowed only when status is Active, the test date is between startDate and endDate, the worker facility matches the resident facility, and the resident is assigned to the worker.
A13: Active-agency example: SC1004 | employmentType: Agency | facility: Sydney | startDate: 2026-08-01 | endDate: 2026-08-20 | status: Active | B13: Active-agency example: SC1004 | employmentType: Agency | facility: Sydney | startDate: 2026-08-01 | endDate: 2026-08-20 | status: Active | C13: Active-agency example: SC1004 | employmentType: Agency | facility: Sydney | startDate: 2026-08-01 | endDate: 2026-08-20 | status: Active | D13: Active-agency example: SC1004 | employmentType: Agency | facility: Sydney | startDate: 2026-08-01 | endDate: 2026-08-20 | status: Active | E13: Active-agency example: SC1004 | employmentType: Agency | facility: Sydney | startDate: 2026-08-01 | endDate: 2026-08-20 | status: Active | F13: Active-agency example: SC1004 | employmentType: Agency | facility: Sydney | startDate: 2026-08-01 | endDate: 2026-08-20 | status: Active | G13: Active-agency example: SC1004 | employmentType: Agency | facility: Sydney | startDate: 2026-08-01 | endDate: 2026-08-20 | status: Active | H13: Active-agency example: SC1004 | employmentType: Agency | facility: Sydney | startDate: 2026-08-01 | endDate: 2026-08-20 | status: Active | I13: Active-agency example: SC1004 | employmentType: Agency | facility: Sydney | startDate: 2026-08-01 | endDate: 2026-08-20 | status: Active

Sheet RBAC_Decision_Log
A1: Sunhaven Care RBAC Decision Log | B1: Sunhaven Care RBAC Decision Log | C1: Sunhaven Care RBAC Decision Log | D1: Sunhaven Care RBAC Decision Log
A2: Version: 1.0 | Status: Approved for MVP implementation | Owner: IAM Project Owner | Approval date: 2026-08-06 | B2: Version: 1.0 | Status: Approved for MVP implementation | Owner: IAM Project Owner | Approval date: 2026-08-06 | C2: Version: 1.0 | Status: Approved for MVP implementation | Owner: IAM Project Owner | Approval date: 2026-08-06 | D2: Version: 1.0 | Status: Approved for MVP implementation | Owner: IAM Project Owner | Approval date: 2026-08-06
A4: Permission | B4: Allowed roles | C4: Business reason | D4: Approving owner
A5: ViewAssignedResident | B5: CareWorker, Nurse, Manager, AgencyWorker | C5: Workers require assigned records to provide authorised care | D5: Facility Manager
A6: ViewFacilityResidents | B6: Manager | C6: Manager oversees operations within their facility | D6: Data Owner
A7: AddCareNote | B7: CareWorker, Nurse, AgencyWorker | C7: Care providers must record delivered care | D7: Facility Manager
A8: EditClinicalNote | B8: Nurse | C8: Clinical corrections require clinical responsibility | D8: Clinical Data Owner
A9: ExportFacilityData | B9: Manager | C9: Required for authorised facility reporting | D9: Data Owner
A10: ApproveAccessReview | B10: Manager | C10: Managers confirm whether their workers still need access | D10: IAM Owner
A11: RunJMLWorkflow | B11: IAMOperator | C11: Identity staff perform approved lifecycle changes | D11: IAM Owner
A12: ViewAuditEvidence | B12: Manager, Auditor, IAMOperator | C12: Required for assurance, investigation and compliance | D12: Compliance Owner
A14: CareWorker, Nurse, Manager, AgencyWorker and Auditor are application business roles and receive no Microsoft Entra administrative role. IAMOperator receives only approved limited user and group administration roles. Global Administrator is reserved for initial setup and emergencies. | B14: CareWorker, Nurse, Manager, AgencyWorker and Auditor are application business roles and receive no Microsoft Entra administrative role. IAMOperator receives only approved limited user and group administration roles. Global Administrator is reserved for initial setup and emergencies. | C14: CareWorker, Nurse, Manager, AgencyWorker and Auditor are application business roles and receive no Microsoft Entra administrative role. IAMOperator receives only approved limited user and group administration roles. Global Administrator is reserved for initial setup and emergencies. | D14: CareWorker, Nurse, Manager, AgencyWorker and Auditor are application business roles and receive no Microsoft Entra administrative role. IAMOperator receives only approved limited user and group administration roles. Global Administrator is reserved for initial setup and emergencies.

Sheet Change_Log
A1: Sunhaven Care IAM Design Change Log | B1: Sunhaven Care IAM Design Change Log | C1: Sunhaven Care IAM Design Change Log | D1: Sunhaven Care IAM Design Change Log
A3: Version | B3: Date | C3: Change | D3: Approved by
A4: v1.0 | B4: 46240 | C4: Initial least-privilege RBAC baseline | D4: IAM Project Owner
A5: v1.1 | B5: 46241 | C5: Corrected personas, test identities, JML rules, traceability wording and evidence formulas | D5: IAM Project Owner

Sheet JML_Workflow_Spec
A1: Sunhaven Care JML Workflow Specification | B1: Sunhaven Care JML Workflow Specification | C1: Sunhaven Care JML Workflow Specification | D1: Sunhaven Care JML Workflow Specification | E1: Sunhaven Care JML Workflow Specification | F1: Sunhaven Care JML Workflow Specification
A2: Version: 1.0 | Status: Approved for MVP implementation | Owner: IAM Project Owner | Date: 2026-08-07 | B2: Version: 1.0 | Status: Approved for MVP implementation | Owner: IAM Project Owner | Date: 2026-08-07 | C2: Version: 1.0 | Status: Approved for MVP implementation | Owner: IAM Project Owner | Date: 2026-08-07 | D2: Version: 1.0 | Status: Approved for MVP implementation | Owner: IAM Project Owner | Date: 2026-08-07 | E2: Version: 1.0 | Status: Approved for MVP implementation | Owner: IAM Project Owner | Date: 2026-08-07 | F2: Version: 1.0 | Status: Approved for MVP implementation | Owner: IAM Project Owner | Date: 2026-08-07
A3: Authoritative source: Approved workforce CSV | Stable identity key: employeeId | B3: Authoritative source: Approved workforce CSV | Stable identity key: employeeId | C3: Authoritative source: Approved workforce CSV | Stable identity key: employeeId | D3: Authoritative source: Approved workforce CSV | Stable identity key: employeeId | E3: Authoritative source: Approved workforce CSV | Stable identity key: employeeId | F3: Authoritative source: Approved workforce CSV | Stable identity key: employeeId
A5: Event | B5: Trigger | C5: Owner | D5: Main actions | E5: Success verification | F5: Rollback
A6: Joiner | B6: Approved Active record with unique employeeId and a valid startDate that has begun | C6: IAM Operator | D6: Validate, create, assign and enable | E6: Exactly one account with correct attributes and approved group | F6: Disable account and remove partial access
A7: Mover | B7: Approved role, facility or manager change | C7: Manager approves; IAM Operator processes | D7: Snapshot, remove old access, update attributes and add new access | E7: Same account remains; new group is correct and old group is absent | F7: Restore snapshot or keep account disabled
A8: Leaver | B8: Leaving or Inactive status, or expired endDate | C8: Manager or HR triggers; IAM Operator processes | D8: Disable, revoke sessions, remove governed groups and log | E8: Login denied, sessions revoked and groups removed | F8: Keep disabled and escalate any failed cleanup
A9: All workflows | B9: Same approved input is rerun | C9: IAM Operator | D9: Compare current state with desired state before making changes | E9: No duplicate account or membership; log SKIPPED_NO_CHANGE | F9: No rollback required because no change was made

Sheet JML_Validation_Rules
A1: Sunhaven Care JML Validation Rules | B1: Sunhaven Care JML Validation Rules | C1: Sunhaven Care JML Validation Rules
A2: Version: 1.0 | Owner: IAM Project Owner | Rejected records must produce a validation log and no unsafe change | B2: Version: 1.0 | Owner: IAM Project Owner | Rejected records must produce a validation log and no unsafe change | C2: Version: 1.0 | Owner: IAM Project Owner | Rejected records must produce a validation log and no unsafe change
A4: Field | B4: Validation rule | C4: Failure response
A5: employeeId | B5: Required, unique and format SC plus four digits | C5: Reject record
A6: displayName | B6: Required and contains (TEST) | C6: Reject record
A7: employmentType | B7: Permanent, Agency or Contractor | C7: Reject record
A8: jobRole | B8: CareWorker, Nurse, Manager, AgencyWorker, Auditor or IAMOperator | C8: Reject record
A9: facility | B9: Sydney, Brisbane or HeadOffice | C9: Reject record
A10: managerEmployeeId | B10: Must reference an existing active Manager. Manager, Auditor and IAMOperator may be blank as approved top-level lab roles | C10: Reject or manual review
A11: startDate | B11: Valid date in YYYY-MM-DD format | C11: Reject record
A12: endDate | B12: Blank or valid date not earlier than startDate | C12: Reject record
A13: status | B13: Active, Leaving or Inactive | C13: Reject record
... A17: Agency cross-field rule | B17: If employmentType is Agency, jobRole must be AgencyWorker and endDate is required | C17: Reject record

Sheet JML_Rollback_Plan
A1: Sunhaven Care JML Rollback Plan | B1: Sunhaven Care JML Rollback Plan
A2: Version: 1.0 | Owner: IAM Project Owner | Safety principle: preserve the disabled state when access cleanup is incomplete | B2: Version: 1.0 | Owner: IAM Project Owner | Safety principle: preserve the disabled state when access cleanup is incomplete
A4: Failure | B4: Safe response
A5: Joiner validation fails | B5: Create nothing and log the validation error
A6: Joiner fails after account creation | B6: Disable the account, remove assigned access and request review
A7: Mover cannot find employeeId | B7: Make no changes and request review
A8: Mover fails after removing old access | B8: Restore previous approved groups or disable the account
A9: New role is unknown | B9: Keep current state and reject the change
A10: Leaver session revocation fails | B10: Keep account disabled and alert administrator
A11: Leaver group removal fails | B11: Keep account disabled and retry/manual review
A12: Logging fails | B12: Stop privileged workflow or create local protected fallback record
A13: Duplicate employeeId detected | B13: Process neither record until manually resolved

Sheet Test_Plan
A1: TestID | B1: RequirementID | C1: TestName | D1: TestType | E1: Persona | F1: Preconditions | G1: TestActions | H1: ExpectedResult | I1: EvidenceID | J1: EvidenceType | K1: ActualResult | L1: Status
A2: T01 | B2: REQ-RBAC | C2: Care Worker views assigned resident | D2: Positive | E2: CareWorker | F2: Application is available; Mia is active; RTEST001 is assigned to Mia | G2: Sign in as Mia Carter and open assigned resident RTEST001 | H2: RTEST001 is displayed successfully | I2: EV-T01 | J2: Screenshot | L2: NOT RUN
A3: T02 | B3: REQ-RBAC | C3: Care Worker cannot edit clinical note | D3: Negative | E3: CareWorker | F3: Mia is active and assigned the CareWorker role | G3: Sign in as Mia and attempt to edit a clinical note | H3: Access is denied with an Access Denied page or HTTP 403 | I3: EV-T02 | J3: Screenshot and application log | L3: NOT RUN
A4: T03 | B4: REQ-RBAC | C4: Nurse edits an assigned clinical note | D4: Positive | E4: Nurse | F4: Noah is active; Nurse role is assigned; resident is assigned to Noah | G4: Sign in as Noah Singh and edit an assigned resident's clinical note | H4: Clinical note is updated and the action is logged | I4: EV-T03 | J4: Screenshot and application log | L4: NOT RUN
A5: T04 | B5: REQ-RBAC | C5: Nurse cannot export facility data | D5: Negative | E5: Nurse | F5: Noah is active and assigned the Nurse role | G5: Sign in as Noah and attempt to export facility data | H5: Access is denied with an Access Denied page or HTTP 403 | I5: EV-T04 | J5: Screenshot and application log | L5: NOT RUN
A6: T05 | B6: REQ-RBAC | C6: Manager exports data from own facility | D6: Positive | E6: Manager | F6: Ava is active and assigned as Sydney Manager | G6: Sign in as Ava Chen and export Sydney facility data | H6: Export succeeds and the action is logged | I6: EV-T05 | J6: Screenshot and application log | L6: NOT RUN
A7: T06 | B7: REQ-RBAC | C7: Manager cannot edit clinical note | D7: Negative | E7: Manager | F7: Ava is active and assigned the Manager role | G7: Sign in as Ava and attempt to edit a clinical note | H7: Access is denied with an Access Denied page or HTTP 403 | I7: EV-T06 | J7: Screenshot and application log | L7: NOT RUN
A8: T07 | B8: REQ-RBAC | C8: Active agency worker views assigned resident | D8: Positive | E8: AgencyWorker | F8: Liam is Active; current date is within startDate and endDate; resident is assigned | G8: Sign in as Liam Brooks and open his assigned Sydney resident | H8: Assigned resident is displayed | I8: EV-T07 | J8: Screenshot | L8: NOT RUN
A9: T08 | B9: REQ-RBAC | C9: Expired agency worker is denied | D9: Negative | E9: SC1010 Ruby Evans | F9: SC1010 is Inactive and the agency endDate is earlier than the test date | G9: Attempt application access as Ruby Evans | H9: Access is denied because employment has expired | I9: EV-T08 | J9: Screenshot and application log | L9: NOT RUN
A10: T09 | B10: REQ-RBAC | C10: Agency worker cannot access another facility | D10: Negative | E10: AgencyWorker | F10: Liam belongs to Sydney and a Brisbane test resident exists | G10: Sign in as Liam and attempt to open the Brisbane resident | H10: Access is denied because the facility does not match | I10: EV-T09 | J10: Screenshot and application log | L10: NOT RUN
A11: T10 | B11: REQ-RBAC | C11: Auditor views audit evidence | D11: Positive | E11: Auditor | F11: Zoe is active and assigned the Auditor role | G11: Sign in as Zoe Martin and open the audit-evidence page | H11: Audit evidence is displayed without clinical data | I11: EV-T10 | J11: Screenshot | L11: NOT RUN
A12: T11 | B12: REQ-RBAC | C12: Auditor cannot view resident data | D12: Negative | E12: Auditor | F12: Zoe is active and assigned the Auditor role | G12: Sign in as Zoe and attempt to open a resident record | H12: Access is denied with an Access Denied page or HTTP 403 | I12: EV-T11 | J12: Screenshot and application log | L12: NOT RUN
A13: T12 | B13: REQ-RBAC | C13: IAM Operator runs approved JML workflow | D13: Positive | E13: IAMOperator | F13: IAM Operator has approved limited administration roles and valid input exists | G13: Run an approved Joiner, Mover, or Leaver operation | H13: Workflow is permitted and produces an audit log | I13: EV-T12 | J13: Command transcript and workflow log | L13: NOT RUN
... A38: T37 | B38: REQ-PRIVACY | C38: Evidence contains no secrets or real data | D38: Privacy Review | E38: IAMProjectOwner | F38: Test evidence has been collected | G38: Inspect every evidence file for secrets, personal identifiers, and real resident or workforce data | H38: No passwords, tokens, QR codes, recovery codes, or real resident or workforce personal data are present | I38: EV-T37 | J38: Completed privacy checklist | L38: NOT RUN

Sheet Requirements_Traceability
A1: RequirementID | B1: Requirement | C1: RelatedTests | D1: PlannedEvidence | E1: Purpose
A2: REQ-RBAC | B2: Role-based least-privilege application access | C2: T01-T13 | D2: EV-T01 to EV-T13 | E2: Prove every business role has permitted and denied actions
A3: REQ-MFA | B3: Multi-factor authentication for privileged administrators | C3: T14-T15 | D3: EV-T14 to EV-T15 | E3: Prove administrator access requires MFA
A4: REQ-AUTH | B4: Entra authentication for application users | C4: T16-T17 | D4: EV-T16 to EV-T17 | E4: Prove active users can authenticate and disabled users are denied
A5: REQ-JOINER | B5: Automated Joiner identity provisioning | C5: T18-T22 | D5: EV-T18 to EV-T22 | E5: Prove valid users are created, while invalid or duplicate records are rejected safely
A6: REQ-MOVER | B6: Automated Mover role and access changes | C6: T23-T26 | D6: EV-T23 to EV-T26 | E6: Prove old access is removed and new approved access is assigned
A7: REQ-LEAVER | B7: Automated Leaver access termination | C7: T27-T31 | D7: EV-T27 to EV-T31 | E7: Prove leaver accounts are disabled, sessions are revoked, and access is removed
A8: REQ-REVIEW | B8: Periodic access review and excessive-access removal | C8: T32-T34 | D8: EV-T32 to EV-T34 | E8: Prove inappropriate access can be identified, reviewed, and removed
A9: REQ-AUDIT | B9: Audit evidence for identity and application activity | C9: T35-T36 | D9: EV-T35 to EV-T36 | E9: Prove important allowed, denied, and administrative actions are recorded
A10: REQ-PRIVACY | B10: Privacy-safe evidence using fictional information | C10: T37 | D10: EV-T37 | E10: Prove submitted evidence contains no secrets or real resident information
A11: REQ-SAFETY | B11: Wrong-tenant and fail-closed automation protection | C11: TC-014 | D11: Final wrong-tenant guard-test transcript | E11: Prove automation validates the explicit tenant before attempting directory writes

Sheet Evidence_Index
A1: EvidenceID | B1: TestID | C1: PlannedFileName | D1: EvidenceType | E1: MaskingRequired | F1: Status
A2: =Test_Plan!I2 -> EV-T01 | B2: =Test_Plan!A2 -> T01 | C2: =A2&"-Evidence" -> EV-T01-Evidence | D2: =Test_Plan!J2 -> Screenshot | E2: Yes | F2: NOT CAPTURED
A3: =Test_Plan!I3 -> EV-T02 | B3: =Test_Plan!A3 -> T02 | C3: =A3&"-Evidence" -> EV-T02-Evidence | D3: =Test_Plan!J3 -> Screenshot and application log | E3: Yes | F3: NOT CAPTURED
A4: =Test_Plan!I4 -> EV-T03 | B4: =Test_Plan!A4 -> T03 | C4: =A4&"-Evidence" -> EV-T03-Evidence | D4: =Test_Plan!J4 -> Screenshot and application log | E4: Yes | F4: NOT CAPTURED
A5: =Test_Plan!I5 -> EV-T04 | B5: =Test_Plan!A5 -> T04 | C5: =A5&"-Evidence" -> EV-T04-Evidence | D5: =Test_Plan!J5 -> Screenshot and application log | E5: Yes | F5: NOT CAPTURED
A6: =Test_Plan!I6 -> EV-T05 | B6: =Test_Plan!A6 -> T05 | C6: =A6&"-Evidence" -> EV-T05-Evidence | D6: =Test_Plan!J6 -> Screenshot and application log | E6: Yes | F6: NOT CAPTURED
A7: =Test_Plan!I7 -> EV-T06 | B7: =Test_Plan!A7 -> T06 | C7: =A7&"-Evidence" -> EV-T06-Evidence | D7: =Test_Plan!J7 -> Screenshot and application log | E7: Yes | F7: NOT CAPTURED
A8: =Test_Plan!I8 -> EV-T07 | B8: =Test_Plan!A8 -> T07 | C8: =A8&"-Evidence" -> EV-T07-Evidence | D8: =Test_Plan!J8 -> Screenshot | E8: Yes | F8: NOT CAPTURED
A9: =Test_Plan!I9 -> EV-T08 | B9: =Test_Plan!A9 -> T08 | C9: =A9&"-Evidence" -> EV-T08-Evidence | D9: =Test_Plan!J9 -> Screenshot and application log | E9: Yes | F9: NOT CAPTURED
A10: =Test_Plan!I10 -> EV-T09 | B10: =Test_Plan!A10 -> T09 | C10: =A10&"-Evidence" -> EV-T09-Evidence | D10: =Test_Plan!J10 -> Screenshot and application log | E10: Yes | F10: NOT CAPTURED
A11: =Test_Plan!I11 -> EV-T10 | B11: =Test_Plan!A11 -> T10 | C11: =A11&"-Evidence" -> EV-T10-Evidence | D11: =Test_Plan!J11 -> Screenshot | E11: Yes | F11: NOT CAPTURED
A12: =Test_Plan!I12 -> EV-T11 | B12: =Test_Plan!A12 -> T11 | C12: =A12&"-Evidence" -> EV-T11-Evidence | D12: =Test_Plan!J12 -> Screenshot and application log | E12: Yes | F12: NOT CAPTURED
A13: =Test_Plan!I13 -> EV-T12 | B13: =Test_Plan!A13 -> T12 | C13: =A13&"-Evidence" -> EV-T12-Evidence | D13: =Test_Plan!J13 -> Command transcript and workflow log | E13: Yes | F13: NOT CAPTURED
... A38: =Test_Plan!I38 -> EV-T37 | B38: =Test_Plan!A38 -> T37 | C38: =A38&"-Evidence" -> EV-T37-Evidence | D38: =Test_Plan!J38 -> Completed privacy checklist | E38: Yes | F38: NOT CAPTURED
